Date,Nifty_Previous_Close,Nifty_Open,Open_Change,Nifty_Low,Nifty_High,Nifty_Close,Close_Change,Close_Change_%,Volume
2025-08-13,,24586.2,,24535.25,24664.55,24619.35,,,236000
2025-08-14,24619.35,24607.25,-12.1,24596.9,24673.65,24631.3,11.95,0.05,270200
2025-08-18,24631.3,24938.2,306.9,24852.85,25022.0,24876.95,245.65,1.0,363100
2025-08-19,24876.95,24891.35,14.4,24873.95,25012.65,24980.65,103.7,0.42,252300
2025-08-20,24980.65,24965.8,-14.85,24929.7,25088.7,25050.55,69.9,0.28,287100
2025-08-21,25050.55,25142.0,91.45,25054.9,25153.65,25083.75,33.2,0.13,226500
2025-08-22,25083.75,25064.15,-19.6,24859.15,25084.85,24870.1,-213.65,-0.85,210200
2025-08-25,24870.1,24949.15,79.05,24894.35,25021.55,24967.75,97.65,0.39,213000
2025-08-26,24967.75,24899.5,-68.25,24689.6,24919.65,24712.05,-255.7,-1.02,750500
2025-08-28,24712.05,24695.8,-16.25,24481.6,24702.65,24500.9,-211.15,-0.85,326600
2025-08-29,24500.9,24466.7,-34.2,24404.7,24572.45,24426.85,-74.05,-0.3,325500
2025-09-01,24426.85,24432.7,5.85,24432.7,24635.6,24625.05,198.2,0.81,229300
2025-09-02,24625.05,24653.0,27.95,24522.35,24756.1,24579.6,-45.45,-0.18,271600
2025-09-03,24579.6,24616.5,36.9,24533.2,24737.05,24715.05,135.45,0.55,340300
2025-09-04,24715.05,24980.75,265.7,24708.2,24980.75,24734.3,19.25,0.08,314100
2025-09-05,24734.3,24818.85,84.55,24621.6,24832.35,24741.0,6.7,0.03,210100
2025-09-08,24741.0,24802.6,61.6,24751.55,24885.5,24773.15,32.15,0.13,213200
2025-09-09,24773.15,24864.1,90.95,24814.0,24891.8,24868.6,95.45,0.39,226900
2025-09-10,24868.6,24991.0,122.4,24915.05,25035.7,24973.1,104.5,0.42,244100
2025-09-11,24973.1,24945.5,-27.6,24940.15,25037.3,25005.5,32.4,0.13,224600
2025-09-12,25005.5,25074.45,68.95,25038.05,25139.45,25114.0,108.5,0.43,225700
2025-09-15,25114.0,25118.9,4.9,25048.75,25138.45,25069.2,-44.8,-0.18,185400
2025-09-16,25069.2,25073.6,4.4,25070.45,25261.4,25239.1,169.9,0.68,240100
2025-09-17,25239.1,25276.6,37.5,25275.35,25346.5,25330.25,91.15,0.36,268900
2025-09-18,25330.25,25441.05,110.8,25329.75,25448.95,25423.6,93.35,0.37,272200
2025-09-19,25423.6,25410.2,-13.4,25286.3,25428.75,25327.05,-96.55,-0.38,380400
2025-09-22,25327.05,25238.1,-88.95,25151.05,25331.7,25202.35,-124.7,-0.49,254500
2025-09-23,25202.35,25209.0,6.65,25084.65,25261.9,25169.5,-32.85,-0.13,299200
2025-09-24,25169.5,25108.75,-60.75,25027.45,25149.85,25056.9,-112.6,-0.45,244400
2025-09-25,25056.9,25034.5,-22.4,24878.3,25092.7,24890.85,-166.05,-0.66,342500
2025-09-26,24890.85,24818.55,-72.3,24629.45,24868.6,24654.7,-236.15,-0.95,291500
2025-09-29,24654.7,24728.55,73.85,24606.2,24791.3,24634.9,-19.8,-0.08,394400
2025-09-30,24634.9,24691.95,57.05,24587.7,24731.8,24611.1,-23.8,-0.1,303000
2025-10-01,24611.1,24620.55,9.45,24605.95,24867.95,24836.3,225.2,0.92,308900
2025-10-03,24836.3,24759.55,-76.75,24747.55,24904.8,24894.25,57.95,0.23,365900
2025-10-06,24894.25,24916.55,22.3,24881.65,25095.95,25077.65,183.4,0.74,268800
2025-10-07,25077.65,25085.3,7.65,25076.3,25220.9,25108.3,30.65,0.12,288000
2025-10-08,25108.3,25079.75,-28.55,25008.5,25192.5,25046.15,-62.15,-0.25,227400
2025-10-09,25046.15,25074.3,28.15,25024.3,25199.25,25181.8,135.65,0.54,286300
2025-10-10,25181.8,25167.65,-14.15,25156.85,25330.75,25285.35,103.55,0.41,232900
2025-10-13,25285.35,25177.3,-108.05,25152.3,25267.3,25227.35,-58.0,-0.23,234300
2025-10-14,25227.35,25277.55,50.2,25060.55,25310.35,25145.5,-81.85,-0.32,292100
2025-10-15,25145.5,25181.95,36.45,25159.35,25365.15,25323.55,178.05,0.71,289900
2025-10-16,25323.55,25394.9,71.35,25376.85,25625.4,25585.3,261.75,1.03,372800
2025-10-17,25585.3,25546.85,-38.45,25508.6,25781.5,25709.85,124.55,0.49,422100
2025-10-20,25709.85,25824.6,114.75,25788.5,25926.2,25843.15,133.3,0.52,301100
2025-10-21,25843.15,25901.2,58.05,25825.8,25934.35,25868.6,25.45,0.1,42500
2025-10-23,25868.6,26057.2,188.6,25862.45,26104.2,25891.4,22.8,0.09,448400
2025-10-24,25891.4,25935.1,43.7,25718.2,25944.15,25795.15,-96.25,-0.37,284900
2025-10-27,25795.15,25843.2,48.05,25827.0,26005.95,25966.05,170.9,0.66,266300
2025-10-28,25966.05,25939.95,-26.1,25810.05,26041.7,25936.2,-29.85,-0.11,395200
2025-10-29,25936.2,25982.0,45.8,25960.3,26097.85,26053.9,117.7,0.45,321900
2025-10-30,26053.9,25984.4,-69.5,25845.25,26032.05,25877.85,-176.05,-0.68,257400
2025-10-31,25877.85,25863.8,-14.05,25711.2,25953.75,25722.1,-155.75,-0.6,334400
2025-11-03,25722.1,25696.85,-25.25,25645.5,25803.1,25763.35,41.25,0.16,23300
2025-11-04,25763.35,25744.75,-18.6,25578.4,25787.4,25597.65,-165.7,-0.64,305100
2025-11-06,25597.65,25593.35,-4.3,25491.55,25679.15,25509.7,-87.95,-0.34,371900
2025-11-07,25509.7,25433.8,-75.9,25318.45,25551.25,25492.3,-17.4,-0.07,305600
2025-11-10,25492.3,25503.5,11.2,25503.5,25653.45,25574.35,82.05,0.32,243600
2025-11-11,25574.35,25617.0,42.65,25449.25,25715.8,25694.95,120.6,0.47,297700
2025-11-12,25694.95,25834.3,139.35,25781.15,25934.55,25875.8,180.85,0.7,312600
2025-11-13,25875.8,25906.1,30.3,25808.4,26010.7,25879.15,3.35,0.01,385200
2025-11-14,25879.15,25767.9,-111.25,25740.8,25940.2,25910.05,30.9,0.12,518900
2025-11-17,25910.05,25948.2,38.15,25906.35,26024.2,26013.45,103.4,0.4,281800
2025-11-18,26013.45,26021.8,8.35,25876.5,26029.85,25910.05,-103.4,-0.4,280000
2025-11-19,25910.05,25918.1,8.05,25856.2,26074.65,26052.65,142.6,0.55,250100
2025-11-20,26052.65,26132.1,79.45,26063.2,26246.65,26192.15,139.5,0.54,240400
2025-11-21,26192.15,26109.55,-82.6,26052.2,26179.2,26068.15,-124.0,-0.47,235600
2025-11-24,26068.15,26122.8,54.65,25912.15,26142.8,25959.5,-108.65,-0.42,464700
2025-11-25,25959.5,25998.5,39.0,25857.5,26032.6,25884.8,-74.7,-0.29,260500
2025-11-26,25884.8,25842.95,-41.85,25842.95,26215.15,26205.3,320.5,1.24,275300
2025-11-27,26205.3,26261.25,55.95,26141.9,26310.45,26215.55,10.25,0.04,240300
2025-11-28,26215.55,26237.45,21.9,26172.4,26280.75,26202.95,-12.6,-0.05,202500
2025-12-01,26202.95,26325.8,122.85,26124.2,26325.8,26175.75,-27.2,-0.1,213800
2025-12-02,26175.75,26087.95,-87.8,25997.85,26154.6,26032.2,-143.55,-0.55,254800
2025-12-03,26032.2,26004.9,-27.3,25891.0,26066.45,25986.0,-46.2,-0.18,265700
2025-12-04,25986.0,25981.85,-4.15,25938.95,26098.25,26033.75,47.75,0.18,248100
2025-12-05,26033.75,25999.8,-33.95,25985.35,26202.6,26186.45,152.7,0.59,249300
2025-12-08,26186.45,26159.8,-26.65,25892.25,26178.7,25960.55,-225.9,-0.86,320700
2025-12-09,25960.55,25867.1,-93.45,25728.0,25923.65,25839.65,-120.9,-0.47,276000
2025-12-10,25839.65,25864.05,24.4,25734.55,25947.65,25758.0,-81.65,-0.32,207900
2025-12-11,25758.0,25771.4,13.4,25693.25,25922.8,25898.55,140.55,0.55,206100
2025-12-12,25898.55,25971.2,72.65,25938.45,26057.6,26046.95,148.4,0.57,216300
2025-12-15,26046.95,25930.05,-116.9,25904.75,26047.15,26027.3,-19.65,-0.08,181600
2025-12-16,26027.3,25951.5,-75.8,25834.35,25980.75,25860.1,-167.2,-0.64,264400
2025-12-17,25860.1,25902.4,42.3,25770.35,25929.15,25818.55,-41.55,-0.16,206500
2025-12-18,25818.55,25764.7,-53.85,25726.3,25902.35,25815.55,-3.0,-0.01,197600
2025-12-19,25815.55,25911.5,95.95,25880.45,25993.35,25966.4,150.85,0.58,382900
2025-12-22,25966.4,26055.85,89.45,26047.8,26180.7,26172.4,206.0,0.79,253000
2025-12-23,26172.4,26205.2,32.8,26119.05,26233.55,26177.15,4.75,0.02,216600
2025-12-24,26177.15,26170.65,-6.5,26123.0,26236.4,26142.1,-35.05,-0.13,188800
2025-12-26,26142.1,26121.25,-20.85,26008.6,26144.2,26042.3,-99.8,-0.38,142200
2025-12-29,26042.3,26063.35,21.05,25920.3,26106.8,25942.1,-100.2,-0.38,234300
2025-12-30,25942.1,25940.9,-1.2,25878.0,25976.75,25938.85,-3.25,-0.01,396900
2025-12-31,25938.85,25971.05,32.2,25969.0,26187.95,26129.6,190.75,0.74,246300
2026-01-01,26129.6,26173.3,43.7,26113.4,26197.55,26146.55,16.95,0.06,425600
2026-01-02,26146.55,26155.1,8.55,26118.4,26340.0,26328.55,182.0,0.7,357500
2026-01-05,26328.55,26333.7,5.15,26210.05,26373.2,26250.3,-78.25,-0.3,338800
2026-01-06,26250.3,26189.7,-60.6,26124.75,26273.95,26178.7,-71.6,-0.27,383000
2026-01-07,26178.7,26143.1,-35.6,26067.9,26187.15,26140.75,-37.95,-0.14,338200
2026-01-08,26140.75,26106.5,-34.25,25858.45,26133.2,25876.85,-263.9,-1.01,328500
2026-01-09,25876.85,25840.4,-36.45,25623.0,25940.6,25683.3,-193.55,-0.75,348800
2026-01-12,25683.3,25669.05,-14.25,25473.4,25813.15,25790.25,106.95,0.42,275800
2026-01-13,25790.25,25897.35,107.1,25603.3,25899.8,25732.3,-57.95,-0.22,339500
2026-01-14,25732.3,25648.55,-83.75,25603.95,25791.75,25665.6,-66.7,-0.26,393100
2026-01-16,25665.6,25696.05,30.45,25662.4,25873.5,25694.35,28.75,0.11,434000
2026-01-19,25694.35,25653.1,-41.25,25494.35,25653.3,25585.5,-108.85,-0.42,443100
2026-01-20,25585.5,25580.3,-5.2,25171.35,25585.0,25232.5,-353.0,-1.38,409800
2026-01-21,25232.5,25141.0,-91.5,24919.8,25300.95,25157.5,-75.0,-0.3,395600
2026-01-22,25157.5,25344.15,186.65,25168.5,25435.75,25289.9,132.4,0.53,486400
2026-01-23,25289.9,25344.6,54.7,25025.3,25347.95,25048.65,-241.25,-0.95,393900
2026-01-27,25048.65,25063.35,14.7,24932.55,25246.65,25175.4,126.75,0.51,618700
2026-01-28,25175.4,25258.85,83.45,25187.65,25372.1,25342.75,167.35,0.66,574900
2026-01-29,25342.75,25345.0,2.25,25159.8,25458.15,25418.9,76.15,0.3,582400
2026-01-30,25418.9,25247.55,-171.35,25213.65,25370.7,25320.65,-98.25,-0.39,508400
2026-02-02,25320.65,24796.5,-524.15,24679.4,25108.1,25088.4,-232.25,-0.92,449200
2026-02-03,25088.4,26308.05,1219.65,25641.3,26341.2,25727.55,639.15,2.55,637300
2026-02-04,25727.55,25675.05,-52.5,25563.95,25818.55,25776.0,48.45,0.19,429800
2026-02-05,25776.0,25755.9,-20.1,25579.5,25757.65,25642.8,-133.2,-0.52,343800
2026-02-06,25642.8,25605.8,-37.0,25491.9,25703.95,25693.7,50.9,0.2,375500
2026-02-09,25693.7,25888.7,195.0,25780.9,25922.25,25867.3,173.6,0.68,359400
2026-02-10,25867.3,25922.65,55.35,25870.45,25989.45,25935.15,67.85,0.26,460900
2026-02-11,25935.15,25997.45,62.3,25899.8,26009.4,25953.85,18.7,0.07,331400
2026-02-12,25953.85,25906.7,-47.15,25752.4,25906.7,25807.2,-146.65,-0.57,419400
2026-02-13,25807.2,25571.15,-236.05,25444.3,25630.35,25471.1,-336.1,-1.3,453500
2026-02-16,25471.1,25423.6,-47.5,25372.7,25697.0,25682.75,211.65,0.83,275800
2026-02-17,25682.75,25637.95,-44.8,25570.3,25764.4,25725.4,42.65,0.17,344100
2026-02-18,25725.4,25752.65,27.25,25645.15,25828.05,25819.35,93.95,0.37,310200
2026-02-19,25819.35,25873.35,54.0,25388.75,25885.3,25454.35,-365.0,-1.41,298200
2026-02-20,25454.35,25406.55,-47.8,25379.75,25663.55,25571.25,116.9,0.46,296600
2026-02-23,25571.25,25678.4,107.15,25609.35,25771.45,25713.0,141.75,0.55,313700
2026-02-24,25713.0,25641.8,-71.2,25327.6,25641.8,25424.65,-288.35,-1.12,439100
2026-02-25,25424.65,25512.6,87.95,25428.2,25652.6,25482.5,57.85,0.23,414200
2026-02-26,25482.5,25556.3,73.8,25400.95,25572.95,25496.55,14.05,0.06,405200
2026-02-27,25496.55,25459.85,-36.7,25141.3,25476.4,25178.65,-317.9,-1.25,438900
2026-03-02,25178.65,24659.25,-519.4,24603.5,24989.35,24865.7,-312.95,-1.24,519200
2026-03-04,24865.7,24388.8,-476.9,24305.4,24602.45,24480.5,-385.2,-1.55,599000
2026-03-05,24480.5,24615.95,135.45,24529.4,24854.2,24765.9,285.4,1.17,504300
2026-03-06,24765.9,24656.4,-109.5,24415.75,24700.9,24450.45,-315.45,-1.27,433400
2026-03-09,24450.45,23868.05,-582.4,23697.8,24078.15,24028.05,-422.4,-1.73,526900
2026-03-10,24028.05,24280.8,252.75,24079.95,24303.8,24261.6,233.55,0.97,444300
2026-03-11,24261.6,24231.85,-29.75,23834.3,24299.0,23866.85,-394.75,-1.63,407400
2026-03-12,23866.85,23674.85,-192.0,23556.3,23833.15,23639.15,-227.7,-0.95,501000
2026-03-13,23639.15,23462.5,-176.65,23112.0,23492.4,23151.1,-488.05,-2.06,519800
2026-03-16,23151.1,23116.1,-35.0,22955.25,23502.0,23408.8,257.7,1.11,540300
2026-03-17,23408.8,23493.2,84.4,23346.6,23656.8,23581.15,172.35,0.74,458800
2026-03-18,23581.15,23632.9,51.75,23618.45,23862.25,23777.8,196.65,0.83,382900
2026-03-19,23777.8,23197.75,-580.05,22930.35,23378.7,23002.15,-775.65,-3.26,550100
2026-03-20,23002.15,23110.15,108.0,23067.6,23345.15,23114.5,112.35,0.49,663300
2026-03-23,23114.5,22824.35,-290.15,22471.25,22851.7,22512.65,-601.85,-2.6,550300
2026-03-24,22512.65,22878.45,365.8,22624.2,23057.3,22912.4,399.75,1.78,538100
2026-03-25,22912.4,23064.4,152.0,23063.2,23465.35,23306.45,394.05,1.72,505400
2026-03-27,23306.45,23173.55,-132.9,22804.55,23186.1,22819.6,-486.85,-2.09,612600
2026-03-30,22819.6,22549.65,-269.95,22283.85,22714.1,22331.4,-488.2,-2.14,698600
2026-04-01,22331.4,22899.0,567.6,22618.6,22941.3,22679.4,348.0,1.56,518000
2026-04-02,22679.4,22383.4,-296.0,22182.55,22782.3,22713.1,33.7,0.15,495100
2026-04-06,22713.1,22780.3,67.2,22542.95,22998.35,22968.25,255.15,1.12,426400
2026-04-07,22968.25,22838.7,-129.55,22719.3,23153.85,23123.65,155.4,0.68,477000
2026-04-08,23123.65,23855.15,731.5,23828.5,24025.15,23997.35,873.7,3.78,639300
2026-04-09,23997.35,23909.05,-88.3,23682.8,23990.75,23775.1,-222.25,-0.93,466600
2026-04-10,23775.1,23880.55,105.45,23856.35,24074.05,24050.6,275.5,1.16,481300
2026-04-13,24050.6,23589.6,-461.0,23555.6,23907.4,23842.65,-207.95,-0.86,488800
2026-04-15,23842.65,24163.8,321.15,24145.8,24280.9,24231.3,388.65,1.63,460300
2026-04-16,24231.3,24385.2,153.9,24102.8,24400.95,24196.75,-34.55,-0.14,508000
2026-04-17,24196.75,24165.9,-30.85,24096.05,24371.9,24353.55,156.8,0.65,498600
2026-04-20,24353.55,24391.5,37.95,24241.25,24480.65,24364.85,11.3,0.05,415900
2026-04-21,24364.85,24374.55,9.7,24354.9,24601.7,24576.6,211.75,0.87,425800
2026-04-22,24576.6,24470.85,-105.75,24352.9,24515.95,24378.1,-198.5,-0.81,440500
2026-04-23,24378.1,24202.35,-175.75,24134.8,24310.2,24173.05,-205.05,-0.84,467500
2026-04-24,24173.05,24100.55,-72.5,23813.65,24206.0,23897.95,-275.1,-1.14,438400
2026-04-27,23897.95,23945.45,47.5,23936.2,24130.7,24092.7,194.75,0.81,430300
2026-04-28,24092.7,24049.9,-42.8,23957.05,24181.8,23995.7,-97.0,-0.4,554100
2026-04-29,23995.7,24096.9,101.2,24059.95,24334.7,24177.65,181.95,0.76,531100
2026-04-30,24177.65,23996.95,-180.7,23796.85,24087.45,23997.55,-180.1,-0.74,505500
2026-05-04,23997.55,24063.55,66.0,24004.75,24290.2,24119.3,121.75,0.51,419100
2026-05-05,24119.3,24052.6,-66.7,23882.05,24081.7,24032.8,-86.5,-0.36,363300
2026-05-06,24032.8,24171.0,138.2,23997.9,24356.5,24330.95,298.15,1.24,429200
2026-05-07,24330.95,24398.5,67.55,24284.0,24482.1,24326.65,-4.3,-0.02,440600
2026-05-08,24326.65,24233.65,-93.0,24126.65,24253.8,24176.15,-150.5,-0.62,335900
2026-05-11,24176.15,23970.1,-206.05,23799.1,23997.45,23815.85,-360.3,-1.49,390100
2026-05-12,23815.85,23722.6,-93.25,23348.4,23757.55,23379.55,-436.3,-1.83,447500
2026-05-13,23379.55,23362.45,-17.1,23262.55,23582.95,23412.6,33.05,0.14,415400
2026-05-14,23412.6,23530.25,117.65,23426.55,23777.2,23689.6,277.0,1.18,428700
2026-05-15,23689.6,23731.4,41.8,23610.3,23839.3,23643.5,-46.1,-0.19,408900
2026-05-18,23643.5,23482.2,-161.3,23317.1,23695.65,23649.95,6.45,0.03,392000
2026-05-19,23649.95,23675.3,25.35,23587.2,23782.3,23618.0,-31.95,-0.14,442000
2026-05-20,23618.0,23457.25,-160.75,23397.3,23690.9,23659.0,41.0,0.17,344100
2026-05-21,23659.0,23830.05,171.05,23596.6,23859.9,23654.7,-4.3,-0.02,348200
2026-05-22,23654.7,23671.2,16.5,23671.0,23835.65,23719.3,64.6,0.27,336100
2026-05-25,23719.3,23940.25,220.95,23922.85,24054.45,24031.7,312.4,1.32,351200
2026-05-26,24031.7,24004.1,-27.6,23885.45,24089.8,23913.7,-118.0,-0.49,387900
2026-05-27,23913.7,23880.35,-33.35,23858.25,23983.2,23907.15,-6.55,-0.03,531600
2026-05-29,23907.15,23902.15,-5.0,23484.75,24002.8,23547.75,-359.4,-1.5,1198000
2026-06-01,23547.75,23654.5,106.75,23357.95,23733.7,23382.6,-165.15,-0.7,421700
2026-06-02,23382.6,23229.15,-153.45,23229.15,23556.95,23483.55,100.95,0.43,511900
2026-06-03,23483.55,23415.95,-67.6,23151.5,23459.65,23405.6,-77.95,-0.33,450100
2026-06-04,23405.6,23282.45,-123.15,23247.3,23465.3,23416.55,10.95,0.05,412500
2026-06-05,23416.55,23478.95,62.4,23282.65,23516.35,23366.7,-49.85,-0.21,366200
2026-06-08,23366.7,23080.7,-286.0,23070.15,23267.3,23123.0,-243.7,-1.04,375700
2026-06-09,23123.0,23259.05,136.05,23104.45,23279.4,23242.1,119.1,0.52,402600
2026-06-10,23242.1,23233.95,-8.15,23184.6,23425.35,23214.95,-27.15,-0.12,380000
2026-06-11,23214.95,23104.4,-110.55,23072.05,23327.45,23161.6,-53.35,-0.23,363000
2026-06-12,23161.6,23412.55,250.95,23313.9,23645.35,23622.9,461.3,1.99,351900
2026-06-15,23622.9,23984.85,361.95,23817.8,24011.4,23853.9,231.0,0.98,398900
2026-06-16,23853.9,23923.9,70.0,23888.2,24002.6,23989.15,135.25,0.57,327300
2026-06-17,23989.15,24044.5,55.35,23969.7,24108.2,24085.7,96.55,0.4,352700
2026-06-18,24085.7,24073.8,-11.9,24036.95,24189.25,24168.0,82.3,0.34,340000
2026-06-19,24168.0,23991.2,-176.8,23901.9,24047.2,24013.1,-154.9,-0.64,447900
2026-06-22,24013.1,24106.6,93.5,24073.15,24168.05,24102.9,89.8,0.37,252800
2026-06-23,24102.9,24071.3,-31.6,23784.95,24135.5,23824.1,-278.8,-1.16,340100
2026-06-24,23824.1,23795.8,-28.3,23789.25,24090.05,24021.65,197.55,0.83,395600
2026-06-25,24021.65,24125.85,104.2,24039.0,24261.6,24056.0,34.35,0.14,448800
2026-06-29,24056.0,24061.75,5.75,23924.55,24120.0,23946.25,-109.75,-0.46,588500
2026-06-30,23946.25,24032.05,85.8,23829.2,24035.55,23865.75,-80.5,-0.34,449000
2026-07-01,23865.75,23897.65,31.9,23895.1,24049.9,24005.85,140.1,0.59,352100
2026-07-02,24005.85,24062.2,56.35,24058.8,24194.55,24175.7,169.85,0.71,372900
2026-07-03,24175.7,24375.65,199.95,24252.35,24378.15,24270.85,95.15,0.39,326600
2026-07-06,24270.85,24306.85,36.0,24287.1,24458.65,24430.35,159.5,0.66,329400
2026-07-07,24430.35,24464.45,34.1,24348.95,24530.9,24398.7,-31.65,-0.13,412600
2026-07-08,24398.7,24259.55,-139.15,23805.2,24300.0,23882.05,-516.65,-2.12,420500
2026-07-09,23882.05,23928.95,46.9,23925.7,24134.7,23962.8,80.75,0.34,384800
2026-07-10,23962.8,24124.7,161.9,24120.35,24228.45,24206.9,244.1,1.02,313100
2026-07-13,24206.9,24039.4,-167.5,24000.2,24259.8,24211.0,4.1,0.02,322700
2026-07-14,24211.0,24068.0,-143.0,24023.7,24157.1,24052.05,-158.95,-0.66,355800
2026-07-15,24052.05,24085.85,33.8,24010.55,24220.35,24078.5,26.45,0.11,306900
2026-07-16,24078.5,24142.1,63.6,24050.0,24186.5,24072.75,-5.75,-0.02,264300
2026-07-17,24072.75,24127.6,54.85,24099.05,24367.3,24334.3,261.55,1.09,387800
2026-07-20,24334.3,24190.05,-144.25,24135.85,24266.1,24238.5,-95.8,-0.39,353100
2026-07-21,24238.5,24216.05,-22.45,24135.65,24262.2,24187.7,-50.8,-0.21,315600
2026-07-22,24187.7,24150.45,-37.25,23961.4,24166.3,23996.25,-191.45,-0.79,304700
2026-07-23,23996.25,23904.8,-91.45,23807.2,23990.75,23869.6,-126.65,-0.53,344000
2026-07-24,23869.6,23666.35,-203.25,23606.3,23823.6,23767.45,-102.15,-0.43,333900
2026-07-27,23767.45,23928.4,160.95,23891.55,24011.6,23995.95,228.5,0.96,319400
2026-07-28,23995.95,23971.25,-24.7,23954.6,24041.15,23985.35,-10.6,-0.04,437800
2026-07-29,23985.35,24176.65,191.3,24136.75,24283.55,24250.2,264.85,1.1,424200
2026-07-30,24250.2,24249.55,-0.65,24187.1,24342.95,24317.15,66.95,0.28,400600
2026-07-31,24317.15,24361.45,44.3,24299.7,24429.4,24383.6,66.45,0.27,411700
2026-08-03,24383.6,24572.7,189.1,24515.15,24774.3,24774.3,390.7,1.6,342300
2026-08-04,24774.3,24703.9,-70.4,24427.95,24703.9,24614.9,-159.4,-0.64,296500
2026-08-05,24614.9,24669.2,54.3,24497.95,24677.6,24624.65,9.75,0.04,355500
2026-08-06,24624.65,24641.0,16.35,24604.15,24677.05,24636.0,11.35,0.05,344000
2026-08-07,24636.0,24538.9,-97.1,24522.75,24630.4,24570.65,-65.35,-0.27,254800
2026-08-10,24570.65,24581.25,10.6,24511.1,24620.95,24583.8,13.15,0.05,269500
2026-08-11,24583.8,24575.1,-8.7,24429.25,24576.85,24471.7,-112.1,-0.46,271800
2026-08-12,24471.7,24472.45,0.75,24265.95,24473.3,,,,0
